dimension,min_distance,mean_distance,max_distance,std_distance,relative_spread,coefficient_of_variation
2.0,0.03268561139702797,1.4240158796310425,4.337116718292236,0.7189024686813354,3.0227408409118652,0.5048416256904602
10.0,1.862338662147522,4.253164768218994,6.935966491699219,0.845085620880127,1.1929064989089966,0.19869571924209595
50.0,7.9167890548706055,10.264220237731934,13.218021392822266,0.8904516100883484,0.5164768695831299,0.08675297349691391
200.0,17.298439025878906,19.966442108154297,22.896259307861328,0.8299541473388672,0.28036144375801086,0.04156745225191116
768.0,36.40889358520508,38.877723693847656,41.94184875488281,0.8868784308433533,0.14231684803962708,0.022811993956565857
