ef_search,recall_at_5_vs_exact,mean_query_ms,index_bytes
1,0.8400000000000001,0.021106000000145286,3615522
2,0.9099999999999999,0.02392110007349402,3615522
4,0.99,0.02696239989018067,3615522
8,0.9800000000000001,0.03116679989034311,3615522
16,1.0,0.03801140020368621,3615522
32,1.0,0.0476920998771675,3615522
64,1.0,0.07233740005176514,3615522
128,1.0,0.11348910018568859,3615522
