n_docs,dim,backend,exact_query_ms,exact_query_ms_std,exact_query_ms_median,ann_query_ms,ann_query_ms_std,ann_query_ms_median,speedup,recall_at_k,ann_build_ms,exact_mem_mb,ann_mem_mb,k
2000,384,faiss-hnsw,0.1814850000118895,0.08195804033897881,0.16358000011678087,0.17341000006126706,0.020844079299939044,0.16960000011749798,1.0465659416860014,0.9949999999999999,130.95249999969383,3.072,3.615522,10
10000,384,faiss-hnsw,0.2204590000474127,0.02217092021112255,0.2187699999922188,0.23200700001325458,0.04192020905327318,0.22458000003098277,0.9502256398937009,1.0,163.86989999955404,15.36,18.077858,10
50000,384,faiss-hnsw,2.2282970000014757,0.0704649787649341,2.204359999996086,0.11529800001881085,0.02244719370443836,0.10652999990270473,19.326415025741376,0.9949999999999999,965.837300000203,76.8,90.412578,10
200000,384,faiss-hnsw,9.351080999986152,0.23998517374101477,9.348059999865654,0.21214999998846906,0.06916461142542805,0.1926400000229478,44.077685602141926,0.9349999999999999,7875.054000000091,307.2,361.62813,10
1000000,384,faiss-hnsw,44.481958000014856,0.8536158130106178,44.46304000011878,0.7067600000118546,0.2235313677410214,0.68399000010686,62.93785443328535,0.615,85439.00510000094,1536.0,1808.129506,10
